dep_var,nobs,n_firms,n_dates,beta_ind_own,se_ind_own,t_ind_own,p_ind_own,beta_ind_own_sq,se_ind_own_sq,t_ind_own_sq,p_ind_own_sq,turning_point,turning_point_se,turning_in_q01_q99,ind_own_q01,ind_own_q99,first_stage_jointF_ind_own,first_stage_jointP_ind_own,first_stage_jointF_ind_own_sq,first_stage_jointP_ind_own_sq,cutoff,bandwidth,excluded_instruments,controls,min_first_stage_F
amihud_illiq,3009,539,99,0.025913237430288838,0.049786681979896726,0.5204853265930093,0.602725352419792,0.1025217915109291,0.23906477645000707,0.42884524032911364,0.6680358531841,-0.12637916802071497,0.4963294031288922,False,0.010385243984220817,0.15952391701494478,0.932093657038012,0.4241125014070799,1.052013552036712,0.3681868339966716,1000.0,50.0,z_cutoff_x_running_pow0;z_cutoff_x_running_pow1;z_cutoff_x_running_pow2,c_firm_size;c_dollar_vol;running_pow1;running_pow2,0.932093657038012
volatility,3005,539,99,-3.092469129868391,5.798889135428447,-0.5332864722270477,0.593835290549523,23.243345176053026,26.115141372329752,0.8900332892963186,0.3734480114915728,0.0665237534968606,0.07839990622103295,True,0.010385089383414708,0.15953388613905134,0.9837510070629071,0.3992022271521275,1.0863883937729069,0.353366648544194,1000.0,50.0,z_cutoff_x_running_pow0;z_cutoff_x_running_pow1;z_cutoff_x_running_pow2,c_firm_size;c_dollar_vol;running_pow1;running_pow2,0.9837510070629071
price_info,2987,534,99,34.745167504691835,76.67661817875685,0.4531390185165722,0.6504486405081391,-162.96312073649642,396.9850389100508,-0.4105019201326142,0.681437795240627,0.1066043879979235,0.1658566326378862,True,0.010456615248653744,0.1596493773240685,0.9940219776284055,0.3943985297071809,1.1395307266390378,0.33147493565388597,1000.0,50.0,z_cutoff_x_running_pow0;z_cutoff_x_running_pow1;z_cutoff_x_running_pow2,c_firm_size;c_dollar_vol;running_pow1;running_pow2,0.9940219776284055
amihud_illiq,6135,791,99,-0.08837700716970076,0.09916647730342051,-0.8911984127387411,0.37282273580051917,0.5567105339402687,0.4895865418896988,1.1371034256609378,0.2554950520419723,0.07937429039126374,0.03434710602578974,True,0.010393371965717133,0.1564020974053489,0.8127342705070092,0.4865628018932777,1.3540065886906012,0.2548445239162962,1000.0,100.0,z_cutoff_x_running_pow0;z_cutoff_x_running_pow1;z_cutoff_x_running_pow2,c_firm_size;c_dollar_vol;running_pow1;running_pow2,0.8127342705070092
volatility,6129,791,99,-4.302275153544883,6.27408522242667,-0.6857215037765877,0.49288874387527604,28.962652746893582,32.69887474454284,0.8857385146480369,0.37575844895081345,0.07427280904036541,0.043290707741815045,True,0.010392768304622128,0.1564081195439008,0.820048444952131,0.48253678952139734,1.3647861233346548,0.25145374375583174,1000.0,100.0,z_cutoff_x_running_pow0;z_cutoff_x_running_pow1;z_cutoff_x_running_pow2,c_firm_size;c_dollar_vol;running_pow1;running_pow2,0.820048444952131
price_info,6093,786,99,-0.6189629594173311,62.97486210863078,-0.00982873068224633,0.9921579337989739,33.91017671023292,332.3104428831779,0.10204366861306814,0.9187220134300276,0.009126507430298197,0.847376328749194,False,0.01046370688888885,0.1564699502137565,0.8290301965250587,0.4776286211940658,1.3737078464772114,0.24867851719933343,1000.0,100.0,z_cutoff_x_running_pow0;z_cutoff_x_running_pow1;z_cutoff_x_running_pow2,c_firm_size;c_dollar_vol;running_pow1;running_pow2,0.8290301965250587
amihud_illiq,9081,950,99,0.14074261896847418,0.13714752944832062,1.0262133013596009,0.3047910529570388,-0.7455103326071644,0.6634075880129097,-1.1237591279897405,0.26111522492800066,0.09439347304300638,0.026504184882383996,True,0.01037711666666658,0.16126131223958332,1.4580497541464592,0.22379435419440874,1.1118086291587395,0.34274237782985484,1000.0,150.0,z_cutoff_x_running_pow0;z_cutoff_x_running_pow1;z_cutoff_x_running_pow2,c_firm_size;c_dollar_vol;running_pow1;running_pow2,1.1118086291587395
volatility,9069,950,99,5.406208602391416,7.7681725982464345,0.6959434196418085,0.48646426411741195,-26.38034558146137,36.37474772109455,-0.7252378981081649,0.4683060967316406,0.10246659934187134,0.030483578313640295,True,0.010376886666666588,0.16126882458333325,1.4554404427721064,0.224528572549076,1.1124410321970204,0.34248165554482646,1000.0,150.0,z_cutoff_x_running_pow0;z_cutoff_x_running_pow1;z_cutoff_x_running_pow2,c_firm_size;c_dollar_vol;running_pow1;running_pow2,1.1124410321970204
price_info,9011,945,99,113.99091053366374,139.863556913677,0.8150150979216,0.41506366797000216,-491.271363872278,653.603197515435,-0.7516354964904781,0.4522702906414633,0.11601623757913497,0.03411149477272931,True,0.010390562480539609,0.16130513424479154,1.516287358056138,0.20797309168831046,1.1443104351923716,0.3295654477512171,1000.0,150.0,z_cutoff_x_running_pow0;z_cutoff_x_running_pow1;z_cutoff_x_running_pow2,c_firm_size;c_dollar_vol;running_pow1;running_pow2,1.1443104351923716
amihud_illiq,12432,1068,99,0.04888128018503002,0.09078093624925117,0.5384531401044371,0.5902642479440972,-0.1979618052206007,0.36516956293967234,-0.542109270079842,0.587743233023029,0.1234613922886758,0.036985128708527305,True,0.010384550570010238,0.16241022176307968,2.306678307367617,0.07449067999744086,2.05092372078107,0.104409574885022,1000.0,200.0,z_cutoff_x_running_pow0;z_cutoff_x_running_pow1;z_cutoff_x_running_pow2,c_firm_size;c_dollar_vol;running_pow1;running_pow2,2.05092372078107
volatility,12417,1068,99,12.171082632856269,12.779497072333188,0.9523913628186434,0.34089853818864757,-49.84158612985357,54.34943623793201,-0.9170580153151195,0.35911224006229125,0.12209766560344443,0.02714404034250136,True,0.010385553185833032,0.16241462524343947,2.3118233520130125,0.07398325126500549,2.056406057627846,0.10366143940120631,1000.0,200.0,z_cutoff_x_running_pow0;z_cutoff_x_running_pow1;z_cutoff_x_running_pow2,c_firm_size;c_dollar_vol;running_pow1;running_pow2,2.056406057627846
price_info,12336,1063,99,30.723154026596603,102.17239978686726,0.30069915251756285,0.7636439150872698,-100.7848259721286,420.5894705764349,-0.2396275537616263,0.810619002203075,0.1524195419809173,0.1615661508504664,True,0.010399849908216706,0.16238729920091324,2.2440526454603638,0.0809429318928594,1.8777248419455057,0.13088676516355402,1000.0,200.0,z_cutoff_x_running_pow0;z_cutoff_x_running_pow1;z_cutoff_x_running_pow2,c_firm_size;c_dollar_vol;running_pow1;running_pow2,1.8777248419455057
amihud_illiq,19556,1276,99,0.039488568074142805,0.10387557880372017,0.3801525683795138,0.7038321657431703,-0.11929606677293947,0.4265679524486488,-0.2796648601662137,0.7797346404460783,0.16550658015114122,0.1853929165871311,True,0.01041919926470587,0.1700537316623108,2.226313066971508,0.08286650682409535,3.1111247867256764,0.025171669774377792,1000.0,300.0,z_cutoff_x_running_pow0;z_cutoff_x_running_pow1;z_cutoff_x_running_pow2,c_firm_size;c_dollar_vol;running_pow1;running_pow2,2.226313066971508
volatility,19525,1275,99,-2.3617706290631304,5.210683244940636,-0.4532554596091241,0.6503648013415564,9.238173383792855,21.40788466383177,0.4315313506616831,0.6660820621764549,0.1278267104840521,0.08132183753957394,True,0.010423769073064268,0.17005556545062067,2.2187147004670984,0.08370383893476085,3.1126181635285377,0.02512037544809831,1000.0,300.0,z_cutoff_x_running_pow0;z_cutoff_x_running_pow1;z_cutoff_x_running_pow2,c_firm_size;c_dollar_vol;running_pow1;running_pow2,2.2187147004670984
price_info,19400,1270,99,125.2110541539223,128.28989335359648,0.9760009216689565,0.32906400759734766,-529.0554764658227,516.6481388441088,-1.024015063035885,0.30582816025342185,0.11833452229844842,0.027683172661111793,True,0.010440844462962963,0.16949277491640852,2.1515623160789668,0.09146677086670552,3.0439503399112144,0.027588260544973764,1000.0,300.0,z_cutoff_x_running_pow0;z_cutoff_x_running_pow1;z_cutoff_x_running_pow2,c_firm_size;c_dollar_vol;running_pow1;running_pow2,2.1515623160789668
amihud_illiq,5005,843,99,0.589874274910688,0.8291164623413271,0.7114492374749775,0.47680589673077356,-0.692510980109958,2.1473599797971943,-0.3224941261014661,0.7470783869576905,0.4258952506551064,0.8857587464882437,False,0.010451949051490468,0.19199536734389017,0.577287381623979,0.6298734985831937,0.990795953938568,0.39590204664353845,1500.0,50.0,z_cutoff_x_running_pow0;z_cutoff_x_running_pow1;z_cutoff_x_running_pow2,c_firm_size;c_dollar_vol;running_pow1;running_pow2,0.577287381623979
volatility,4999,841,99,12.537837926843395,9.084575358769385,1.380123718687694,0.1675485555217242,-42.48757362123433,27.21433491060882,-1.5612203554043729,0.11847176780952795,0.14754711622997066,0.048600728400582084,True,0.010473701027479012,0.19200354854640977,0.5684113564562161,0.6357707697932873,0.9719039992770159,0.4048041260565597,1500.0,50.0,z_cutoff_x_running_pow0;z_cutoff_x_running_pow1;z_cutoff_x_running_pow2,c_firm_size;c_dollar_vol;running_pow1;running_pow2,0.5684113564562161
price_info,4962,839,99,-37.108536907814596,75.04711377535165,-0.494469874203243,0.6209743771021854,101.82175511705464,228.03652182671,0.4465151209174785,0.6552251925242418,0.18222302721630804,0.1843203683779566,True,0.010519817379619194,0.19208730786339767,0.6769929531495391,0.5660018871359884,1.00731073657509,0.38825600648334835,1500.0,50.0,z_cutoff_x_running_pow0;z_cutoff_x_running_pow1;z_cutoff_x_running_pow2,c_firm_size;c_dollar_vol;running_pow1;running_pow2,0.6769929531495391
amihud_illiq,9385,1191,99,-0.35195622503412416,0.30486239512567176,-1.1544756934978457,0.2483051981113651,1.3589979281124087,1.1030930717206884,1.23198845405904,0.21795339713760198,0.12949108227228007,0.042727685136699875,True,0.010455153703703639,0.18911628260161317,2.109893958878397,0.09662694051064269,2.4563134935523165,0.061023301214033876,1500.0,100.0,z_cutoff_x_running_pow0;z_cutoff_x_running_pow1;z_cutoff_x_running_pow2,c_firm_size;c_dollar_vol;running_pow1;running_pow2,2.109893958878397
volatility,9367,1189,99,-1.1829314883085544,4.959149279453036,-0.2385351643294401,0.8114660451244589,-1.0228086858437564,17.710747356188914,-0.05775073548696645,0.9539471800258057,-0.5782760279028655,12.386607255080978,False,0.010468156451612816,0.18912886862797557,2.105912115341257,0.09713442864527677,2.4447092582526646,0.06197714086675765,1500.0,100.0,z_cutoff_x_running_pow0;z_cutoff_x_running_pow1;z_cutoff_x_running_pow2,c_firm_size;c_dollar_vol;running_pow1;running_pow2,2.105912115341257
price_info,9304,1186,99,-89.1661218980571,92.68367319591279,-0.9620477784644943,0.3360256042993397,314.98415011287943,332.0149534113466,0.9487047100635645,0.34277081781859353,0.1415406487375683,0.035846059281341394,True,0.010522638988910543,0.18917291972024386,2.08490763843588,0.09985407656391188,2.428755921430687,0.06331209232846535,1500.0,100.0,z_cutoff_x_running_pow0;z_cutoff_x_running_pow1;z_cutoff_x_running_pow2,c_firm_size;c_dollar_vol;running_pow1;running_pow2,2.08490763843588
amihud_illiq,13608,1409,99,0.0074478632823513635,0.3283218485702076,0.022684641045930057,0.9819018273540514,0.21207729680256193,1.1982170390492477,0.17699405858127293,0.8595130564669038,-0.017559313030298375,0.8696126808504837,False,0.010474300906515502,0.18876249836369124,1.3295035239532387,0.26270745628842396,1.9361307641591685,0.12131372883137281,1500.0,150.0,z_cutoff_x_running_pow0;z_cutoff_x_running_pow1;z_cutoff_x_running_pow2,c_firm_size;c_dollar_vol;running_pow1;running_pow2,1.3295035239532387
volatility,13585,1408,99,2.878722863676103,7.522496663827161,0.3826818398629263,0.7019556810398806,-15.225465346384226,25.04382355559114,-0.607952907533765,0.5432187077939088,0.09453644923764999,0.10168360626045218,True,0.010482203216783153,0.18878188022578893,1.4193105985521954,0.23492543770118646,1.998301395915079,0.11185841080842229,1500.0,150.0,z_cutoff_x_running_pow0;z_cutoff_x_running_pow1;z_cutoff_x_running_pow2,c_firm_size;c_dollar_vol;running_pow1;running_pow2,1.4193105985521954
price_info,13488,1406,99,32.35955382584507,112.91816184068621,0.2865752798163723,0.7744375447056047,-114.63745909662975,368.1990537955944,-0.31134642502441273,0.7555372777597007,0.1411386560764954,0.1033430045931294,True,0.010537760312499913,0.1888133195617529,1.3785825629795356,0.24717400580548143,1.9982026066590495,0.11187286128148866,1500.0,150.0,z_cutoff_x_running_pow0;z_cutoff_x_running_pow1;z_cutoff_x_running_pow2,c_firm_size;c_dollar_vol;running_pow1;running_pow2,1.3785825629795356
amihud_illiq,18120,1581,99,-8.228340452493285,120.10483878681012,-0.06850964986597126,0.945379938643782,31.079523390661052,455.6783023345083,0.0682049665991029,0.9456224734062413,0.13237558937222607,0.020561152438917013,True,0.010471738937844189,0.18684423159860958,3.0069497311101903,0.029014965623775923,3.66768987011851,0.011709288608351187,1500.0,200.0,z_cutoff_x_running_pow0;z_cutoff_x_running_pow1;z_cutoff_x_running_pow2,c_firm_size;c_dollar_vol;running_pow1;running_pow2,3.0069497311101903
volatility,18092,1579,99,98.25202474114485,1529.880810403344,0.06422201263851482,0.9487934500225832,-382.1109426189214,5818.589844818992,-0.06567071280323392,0.947639989860444,0.12856478810544222,0.04768330878400529,True,0.010483238060179239,0.18685260744766846,3.033681866013008,0.027977163965545948,3.6759507964103695,0.011576216605467371,1500.0,200.0,z_cutoff_x_running_pow0;z_cutoff_x_running_pow1;z_cutoff_x_running_pow2,c_firm_size;c_dollar_vol;running_pow1;running_pow2,3.033681866013008
price_info,17977,1578,99,154.126962763723,3038.502238973341,0.05072465005515346,0.9595449340265159,-537.2104925848544,11508.053090625279,-0.04668126644484098,0.9627672612781109,0.14345118430405385,0.24643068243596153,True,0.010532113690476148,0.1868954759014434,3.058008357092777,0.02706441096426493,3.71776228398463,0.010925225530971194,1500.0,200.0,z_cutoff_x_running_pow0;z_cutoff_x_running_pow1;z_cutoff_x_running_pow2,c_firm_size;c_dollar_vol;running_pow1;running_pow2,3.058008357092777
amihud_illiq,27094,1868,99,-0.8829718990701139,1.0595907694486635,-0.8333140723088314,0.4046676218375198,3.1979311801386814,3.558828477213751,0.8985909831322862,0.3688705632968947,0.13805361174655156,0.030290206435903178,True,0.010446832258632785,0.18561665174352604,2.1290382851657688,0.09422232041421519,3.2584559449655743,0.02057534745513112,1500.0,300.0,z_cutoff_x_running_pow0;z_cutoff_x_running_pow1;z_cutoff_x_running_pow2,c_firm_size;c_dollar_vol;running_pow1;running_pow2,2.1290382851657688
volatility,27048,1868,99,-7.5206296915002895,13.469095922644579,-0.5583618777899131,0.5765972992161055,17.831812262629683,44.93473069491064,0.3968380801856977,0.6914868675706471,0.21087676285324494,0.1681318235766384,False,0.010461113820512812,0.18561721682133553,2.1604786027606906,0.09039751193541479,3.27523625649086,0.02010728321955879,1500.0,300.0,z_cutoff_x_running_pow0;z_cutoff_x_running_pow1;z_cutoff_x_running_pow2,c_firm_size;c_dollar_vol;running_pow1;running_pow2,2.1604786027606906
price_info,26902,1866,99,138.32023290999132,212.679985417777,0.6503678878775667,0.5154546147955168,-446.03606537214364,717.9813642889084,-0.6212362709635222,0.5344441778511713,0.1550549873075688,0.03730398716062375,True,0.010499018809523808,0.1856615367653638,2.1701248631757566,0.08925425253062835,3.280832140423373,0.019953531443025807,1500.0,300.0,z_cutoff_x_running_pow0;z_cutoff_x_running_pow1;z_cutoff_x_running_pow2,c_firm_size;c_dollar_vol;running_pow1;running_pow2,2.1701248631757566
amihud_illiq,4947,937,99,0.10775976404026011,1.4245989675445014,0.07564217474199027,0.9397037819692713,-2.8886445593233816,4.475919492352842,-0.6453745569505133,0.5186844873887344,0.018652305921899422,0.2311234102960367,True,0.010611348734693826,0.19265676505301974,0.0975677019396447,0.9613949363577318,0.21811466242728042,0.8838864395733578,2000.0,50.0,z_cutoff_x_running_pow0;z_cutoff_x_running_pow1;z_cutoff_x_running_pow2,c_firm_size;c_dollar_vol;running_pow1;running_pow2,0.0975677019396447
volatility,4941,936,99,-2.4797774111897297,6.906355180664682,-0.35905732420658254,0.7195522060438653,7.565472426094175,20.66618169796766,0.3660798369366013,0.7143055025807967,0.1638878097444844,0.37220414075381125,True,0.01060806367346934,0.19266672660212075,0.08343688416891577,0.9690857064921581,0.19798963053240196,0.8978116593624905,2000.0,50.0,z_cutoff_x_running_pow0;z_cutoff_x_running_pow1;z_cutoff_x_running_pow2,c_firm_size;c_dollar_vol;running_pow1;running_pow2,0.08343688416891577
price_info,4922,934,99,-17.03603823429694,99.15641357260392,-0.1718097460415193,0.8635871032306075,99.19625887577604,276.8118240598841,0.35835267952396577,0.7200793995521932,0.08587036662154393,0.38699770651370946,True,0.0105976609795918,0.1926982715076071,0.10242552703148716,0.9586541929378176,0.22246381387735895,0.880845665211091,2000.0,50.0,z_cutoff_x_running_pow0;z_cutoff_x_running_pow1;z_cutoff_x_running_pow2,c_firm_size;c_dollar_vol;running_pow1;running_pow2,0.10242552703148716
amihud_illiq,10458,1448,99,-1.85805432838373,11.558927660777787,-0.1607462545758941,0.8722932572310416,-4.77118542570841,26.54287575776004,-0.1797538996622667,0.8573457767367323,-0.1947162143785108,1.0595738251158846,False,0.010601155624999957,0.19378703324915822,0.031683924502359344,0.992424545664521,0.11625248988216204,0.9506121533289791,2000.0,100.0,z_cutoff_x_running_pow0;z_cutoff_x_running_pow1;z_cutoff_x_running_pow2,c_firm_size;c_dollar_vol;running_pow1;running_pow2,0.031683924502359344
volatility,10444,1447,99,-20.540775671583106,110.33478614217849,-0.18616772089551215,0.8523132364128974,-37.69755664009335,274.63503316979296,-0.13726419461127837,0.8908219710609617,-0.27244173763952784,1.6160051897138563,False,0.010600058190789442,0.19379700883838377,0.03556801842855415,0.9910209508305252,0.11005516948464893,0.9542588209235671,2000.0,100.0,z_cutoff_x_running_pow0;z_cutoff_x_running_pow1;z_cutoff_x_running_pow2,c_firm_size;c_dollar_vol;running_pow1;running_pow2,0.03556801842855415
price_info,10408,1442,99,-11.650236922396289,175.09352334133163,-0.06653722365095727,0.9469501231697808,115.37919768122083,379.04518878672957,0.3043943073134194,0.7608275042671839,0.05048673052218878,0.8595685385388253,True,0.010622581530172407,0.19382266035353532,0.038936481340144734,0.9897466044510465,0.12213329743398305,0.9470925850824096,2000.0,100.0,z_cutoff_x_running_pow0;z_cutoff_x_running_pow1;z_cutoff_x_running_pow2,c_firm_size;c_dollar_vol;running_pow1;running_pow2,0.038936481340144734
amihud_illiq,15777,1786,99,0.2618311478059496,0.7191260486326366,0.3640963198368375,0.7157860848487902,-1.696371544145336,3.585296779514127,-0.4731467570099525,0.6361084803780355,0.07717387995265657,0.059099425929972915,True,0.010522759204545372,0.19430408253148987,1.5536323971251604,0.19837983832897133,1.054831287455641,0.3669521659524251,2000.0,150.0,z_cutoff_x_running_pow0;z_cutoff_x_running_pow1;z_cutoff_x_running_pow2,c_firm_size;c_dollar_vol;running_pow1;running_pow2,1.054831287455641
volatility,15759,1786,99,6.498015223561197,11.321831062959996,0.5739367764300791,0.5660105853493151,-37.118217880271914,57.704023418906885,-0.6432518164428379,0.5200607158277355,0.08753134706683816,0.032140899872368844,True,0.010520867670454476,0.19436431862365589,1.5880354217752046,0.18990810012715076,1.0762229554915084,0.35769463485842734,2000.0,150.0,z_cutoff_x_running_pow0;z_cutoff_x_running_pow1;z_cutoff_x_running_pow2,c_firm_size;c_dollar_vol;running_pow1;running_pow2,1.0762229554915084
price_info,15692,1781,99,19.910640140680698,107.69898330830664,0.18487305570641374,0.8533286051082296,-195.20835896283825,544.3085234033845,-0.35863549911411224,0.719867786614121,0.05099843123129548,0.1405963920446152,True,0.010532526313090377,0.19455869822222221,1.5469646437121145,0.20006193500849756,1.0624406237219859,0.36363571901561165,2000.0,150.0,z_cutoff_x_running_pow0;z_cutoff_x_running_pow1;z_cutoff_x_running_pow2,c_firm_size;c_dollar_vol;running_pow1;running_pow2,1.0624406237219859
amihud_illiq,21039,2015,99,4.872469411469865,61.24506139749675,0.07955693569880258,0.9365896469338357,-18.370542081953317,229.77807434647565,-0.07994906447972452,0.9362777668774993,0.13261637543772964,0.029126455148186552,True,0.010511097361111056,0.19346381624255593,1.289496456038597,0.27601954664266715,1.6976846509382488,0.16510871883658007,2000.0,200.0,z_cutoff_x_running_pow0;z_cutoff_x_running_pow1;z_cutoff_x_running_pow2,c_firm_size;c_dollar_vol;running_pow1;running_pow2,1.289496456038597
volatility,21013,2015,99,-133.16386736766435,3296.875674415012,-0.040390927811159445,0.967781462906554,487.6199026447721,12327.107349310787,0.039556717470464395,0.9684465348648632,0.13654474176033926,0.07731756513719823,True,0.010510954722222144,0.19348873486820992,1.2718164449507354,0.282094220924755,1.6828479119193602,0.16827684939002574,2000.0,200.0,z_cutoff_x_running_pow0;z_cutoff_x_running_pow1;z_cutoff_x_running_pow2,c_firm_size;c_dollar_vol;running_pow1;running_pow2,1.2718164449507354
price_info,20921,2008,99,-892.6666206880473,17726.200217824087,-0.05035859968401187,0.959836627167852,3345.699526945129,66817.43031614389,0.05007225676167268,0.9600648078934384,0.13340507919178232,0.03211653406146286,True,0.01052531115384606,0.19360126666666655,1.308769268791469,0.2695322934133224,1.7038542942192827,0.16380788023507808,2000.0,200.0,z_cutoff_x_running_pow0;z_cutoff_x_running_pow1;z_cutoff_x_running_pow2,c_firm_size;c_dollar_vol;running_pow1;running_pow2,1.308769268791469
amihud_illiq,30804,2344,99,1.266214051977272,1.4198538148131488,0.891791844179328,0.3725045140232288,-5.777124310527029,5.413264256663719,-1.0672163849040621,0.28587413536222916,0.10958861051942288,0.048023702269401884,True,0.010446320102184607,0.19306777237199022,0.7600956090080279,0.5163079435756042,0.9815337401925798,0.4002456815175427,2000.0,300.0,z_cutoff_x_running_pow0;z_cutoff_x_running_pow1;z_cutoff_x_running_pow2,c_firm_size;c_dollar_vol;running_pow1;running_pow2,0.7600956090080279
volatility,30760,2343,99,1.3293006975886783,5.924013342436909,0.22439191486389456,0.8224523613055019,-7.8162226627628115,21.389200719721046,-0.3654284592110158,0.7147916005961279,0.08503472552807295,0.17445582738916315,True,0.010447807607758533,0.19307520443995682,0.7364353383185661,0.5301177032850017,0.9555306495547106,0.4126546872541519,2000.0,300.0,z_cutoff_x_running_pow0;z_cutoff_x_running_pow1;z_cutoff_x_running_pow2,c_firm_size;c_dollar_vol;running_pow1;running_pow2,0.7364353383185661
price_info,30622,2335,99,5.148196622658361,91.09155792667096,0.05651672602638631,0.9549301713787892,-122.18592977977823,305.70241315559997,-0.3996891241993128,0.6893855035621304,0.02106705997956234,0.32363292340116184,True,0.010467242447033804,0.19310293057445402,0.7441122857443713,0.5256071355197047,1.0385773408871455,0.37412347989872796,2000.0,300.0,z_cutoff_x_running_pow0;z_cutoff_x_running_pow1;z_cutoff_x_running_pow2,c_firm_size;c_dollar_vol;running_pow1;running_pow2,0.7441122857443713
amihud_illiq,5177,1002,99,1.0104567954624173,1.9345475486105779,0.5223220262475032,0.6014461357125411,-3.2641591562959604,7.787655004932541,-0.41914532092504214,0.6751099304227894,0.15478056477629662,0.1036743482272136,True,0.010619907739784915,0.1981939126509185,0.41289370211200854,0.7437427091457958,0.36352809464398966,0.7793475475710386,2500.0,50.0,z_cutoff_x_running_pow0;z_cutoff_x_running_pow1;z_cutoff_x_running_pow2,c_firm_size;c_dollar_vol;running_pow1;running_pow2,0.36352809464398966
volatility,5172,1002,99,3.8825028461403406,8.225225396069222,0.4720238849619564,0.6369097401261739,-22.593076790798136,36.954527067411405,-0.6113750759030006,0.540951299121049,0.08592240185103149,0.07605895053464529,True,0.01061831117795696,0.1982208372572178,0.3783549378204412,0.7686167446725028,0.30625608176132685,0.8208963993537165,2500.0,50.0,z_cutoff_x_running_pow0;z_cutoff_x_running_pow1;z_cutoff_x_running_pow2,c_firm_size;c_dollar_vol;running_pow1;running_pow2,0.30625608176132685
price_info,5155,1002,99,59.8545559245116,143.14731733481045,0.41813257166752515,0.675850191756397,1.8878344366439705,613.234136249449,0.003078488826779931,0.9975437251742332,-15.852702642429776,5182.965688596641,False,0.010612882867741914,0.19831238091863515,0.37226642494614354,0.7730202977939782,0.2962103263907511,0.8281705128475971,2500.0,50.0,z_cutoff_x_running_pow0;z_cutoff_x_running_pow1;z_cutoff_x_running_pow2,c_firm_size;c_dollar_vol;running_pow1;running_pow2,0.2962103263907511
amihud_illiq,10533,1614,99,-0.7654023531808178,1.303170408866127,-0.5873386534664989,0.5569762859040699,4.135032385475142,5.5300142019397125,0.7477435381675394,0.4546148644499901,0.09255095025003875,0.08394901289058873,True,0.010702334252873508,0.20238338585858603,0.7613255529247112,0.5155975019987071,0.609885849274281,0.6085024852044498,2500.0,100.0,z_cutoff_x_running_pow0;z_cutoff_x_running_pow1;z_cutoff_x_running_pow2,c_firm_size;c_dollar_vol;running_pow1;running_pow2,0.609885849274281
volatility,10520,1613,99,5.179000937932869,7.456036864334169,0.6946050605927844,0.4873028399592194,-15.526008286604338,31.578119507050914,-0.4916698185000413,0.6229527777692336,0.16678468935255084,0.12810826931650768,True,0.010710214169533112,0.20248462963458067,0.8043052724471006,0.4912348760453592,0.6882730565725975,0.5590628064779384,2500.0,100.0,z_cutoff_x_running_pow0;z_cutoff_x_running_pow1;z_cutoff_x_running_pow2,c_firm_size;c_dollar_vol;running_pow1;running_pow2,0.6882730565725975
price_info,10491,1614,99,-57.84590265852057,89.79815226911695,-0.6441769813387878,0.5194606757193347,278.22463759813763,389.6251903226628,0.7140827762386968,0.4751759957023396,0.10395539222890837,0.0502793690517203,True,0.010709114242424189,0.20263575396716824,0.8438116526750248,0.46963685966881674,0.736503149710586,0.5300777359563502,2500.0,100.0,z_cutoff_x_running_pow0;z_cutoff_x_running_pow1;z_cutoff_x_running_pow2,c_firm_size;c_dollar_vol;running_pow1;running_pow2,0.736503149710586
amihud_illiq,15536,2000,99,-0.4708250742994835,1.0223422063016845,-0.46053569088445423,0.6451317593752119,1.1915220651757181,3.648932735399355,0.32653988209111584,0.7440159198909617,0.1975729564983126,0.21538663935841273,True,0.01059238025,0.2020695787107456,1.2892866498657736,0.2760909369359297,1.4476906855285065,0.22672233296752864,2500.0,150.0,z_cutoff_x_running_pow0;z_cutoff_x_running_pow1;z_cutoff_x_running_pow2,c_firm_size;c_dollar_vol;running_pow1;running_pow2,1.2892866498657736
volatility,15518,1998,99,9.132534866556739,8.47834148516397,1.077160536944345,0.28140855199318304,-24.56143565623688,28.705272799509373,-0.8556419521871494,0.39219585734926543,0.18591207359325748,0.07100491602730757,True,0.010596928156521732,0.20207624864889984,1.3703329266525612,0.24972503007708535,1.5638959531145786,0.19581630923693694,2500.0,150.0,z_cutoff_x_running_pow0;z_cutoff_x_running_pow1;z_cutoff_x_running_pow2,c_firm_size;c_dollar_vol;running_pow1;running_pow2,1.3703329266525612
price_info,15459,1997,99,-27.8539664986356,64.21172892511926,-0.4337831571412382,0.6644459135200358,126.26768330992854,213.92542310449147,0.5902415967093978,0.5550286882400404,0.11029728972799416,0.09310754740132958,True,0.010604076274761967,0.20231357040928158,1.4002522577262553,0.2405861287921579,1.6535239895658147,0.1747071300570615,2500.0,150.0,z_cutoff_x_running_pow0;z_cutoff_x_running_pow1;z_cutoff_x_running_pow2,c_firm_size;c_dollar_vol;running_pow1;running_pow2,1.4002522577262553
amihud_illiq,20457,2272,99,0.33160919522151744,0.8614488303582339,0.38494357823159103,0.7002792182776223,-0.5663854587947412,3.3437351939687,-0.16938705547507632,0.865492204619408,0.2927416215161811,0.9892699574934698,False,0.01061640645614032,0.20099881675383938,1.8544258665222222,0.1349025230079034,2.1118142828186444,0.09638310485712531,2500.0,200.0,z_cutoff_x_running_pow0;z_cutoff_x_running_pow1;z_cutoff_x_running_pow2,c_firm_size;c_dollar_vol;running_pow1;running_pow2,1.8544258665222222
volatility,20437,2270,99,4.401747714868975,5.417923549489406,0.8124418284351397,0.4165381530231822,-8.524412703415692,19.864961747234773,-0.4291180024347291,0.6678373518072509,0.2581848080340605,0.3078023966768957,False,0.010621619761904703,0.20105694971357393,1.9316014981573504,0.1220315767032446,2.2439345947979703,0.0809555891649324,2500.0,200.0,z_cutoff_x_running_pow0;z_cutoff_x_running_pow1;z_cutoff_x_running_pow2,c_firm_size;c_dollar_vol;running_pow1;running_pow2,1.9316014981573504
price_info,20358,2269,99,28.869677596439942,60.617880067434015,0.4762568002101696,0.6338914379618663,-113.51720746485807,212.0687853337388,-0.5352848477262354,0.5924529024018068,0.12715991804756663,0.07942995030494722,True,0.010625121854838685,0.2011900207534247,1.9696030375754547,0.11613213679493817,2.311738620861896,0.07399158074347123,2500.0,200.0,z_cutoff_x_running_pow0;z_cutoff_x_running_pow1;z_cutoff_x_running_pow2,c_firm_size;c_dollar_vol;running_pow1;running_pow2,1.9696030375754547
amihud_illiq,30711,2738,99,-1.26744754530651,2.1662740550558497,-0.5850818101008154,0.5584927090772074,6.5105227252670375,9.831786596074368,0.6621912163824383,0.507848682729219,0.0973383857787336,0.02965134421801375,True,0.01056917818181812,0.20009664226804144,2.926037307689325,0.0323912146354457,1.8319603697788096,0.13888518030735075,2500.0,300.0,z_cutoff_x_running_pow0;z_cutoff_x_running_pow1;z_cutoff_x_running_pow2,c_firm_size;c_dollar_vol;running_pow1;running_pow2,1.8319603697788096
volatility,30682,2736,99,-7.198213211168877,11.809696435382078,-0.6095172090624524,0.5421816695433042,37.97897044203637,54.26331919455118,0.6999013515164773,0.48398891332719085,0.09476577599904681,0.030020266306317787,True,0.010574157142857086,0.20014232589041075,2.9044792612597434,0.03335378688741564,1.8084852328187984,0.14316580100464915,2500.0,300.0,z_cutoff_x_running_pow0;z_cutoff_x_running_pow1;z_cutoff_x_running_pow2,c_firm_size;c_dollar_vol;running_pow1;running_pow2,1.8084852328187984
price_info,30560,2735,99,9.911964864470065,78.44805164859689,0.12635068247290687,0.8994543388760088,1.5496451000799425,369.2514571832773,0.004196720337682456,0.9966515114657464,-3.198140291592807,787.0612841760242,False,0.010583237955439018,0.200326847541058,2.8669510927817843,0.035096573081485394,1.7481816858864,0.15474152428545374,2500.0,300.0,z_cutoff_x_running_pow0;z_cutoff_x_running_pow1;z_cutoff_x_running_pow2,c_firm_size;c_dollar_vol;running_pow1;running_pow2,1.7481816858864
