dep_var,window_start_q,window_end_q,window_end_date,beta_ind_own,se_ind_own,pval_ind_own,ci95_lo,ci95_hi,nobs,entities,time_periods
amihud_illiq,1999Q1,2002Q4,2002-12-31 23:59:59.999999,0.04814489147299743,0.2685667539450799,0.8577312438548819,-0.4782459462593592,0.574535729205354,17557,2484,16
amihud_illiq,1999Q2,2003Q1,2003-03-31 23:59:59.999999,0.03806310275611246,0.24808077838425774,0.8780608920635204,-0.4481752228770327,0.5243014283892576,18655,2536,16
amihud_illiq,1999Q3,2003Q2,2003-06-30 23:59:59.999999,0.08610190050688767,0.22179246501845326,0.697865924284419,-0.3486113309292807,0.5208151319430561,19910,2613,16
amihud_illiq,1999Q4,2003Q3,2003-09-30 23:59:59.999999,0.1337954608616176,0.20806513981312597,0.5202022108115547,-0.2740122131721093,0.5416031348953445,21213,2705,16
amihud_illiq,2000Q1,2003Q4,2003-12-31 23:59:59.999999,0.2782810804362398,0.18502120986798173,0.1325846681193774,-0.08436049090500441,0.640922651777484,22372,2711,16
amihud_illiq,2000Q2,2004Q1,2004-03-31 23:59:59.999999,0.366678524773348,0.1349336642526884,0.006583676725946175,0.10220854283807873,0.6311485067086173,23799,2866,16
amihud_illiq,2000Q3,2004Q2,2004-06-30 23:59:59.999999,0.3123505991574367,0.10369782578421291,0.0025971924591390305,0.10910286062037938,0.5155983376944939,25153,2907,16
amihud_illiq,2000Q4,2004Q3,2004-09-30 23:59:59.999999,0.33895632220126126,0.13485037593839252,0.011957952383561343,0.07464958536201194,0.6032630590405106,27096,2966,16
amihud_illiq,2001Q1,2004Q4,2004-12-31 23:59:59.999999,0.3249725574028135,0.11782818456185046,0.005819409462336722,0.09402931566158662,0.5559157991440404,28406,2980,16
amihud_illiq,2001Q2,2005Q1,2005-03-31 23:59:59.999999,0.36666224754557625,0.11065684937584414,0.0009225585757213217,0.14977482276892173,0.5835496723222308,29785,2972,16
amihud_illiq,2001Q3,2005Q2,2005-06-30 23:59:59.999999,0.37288537772634556,0.10790530592930331,0.0005497384066481814,0.16139097810491107,0.58437977734778,31008,3083,16
amihud_illiq,2001Q4,2005Q3,2005-09-30 23:59:59.999999,0.3773781255800647,0.10678659229311815,0.0004100442204668653,0.16807640468555315,0.5866798464745763,31947,3099,16
amihud_illiq,2002Q1,2005Q4,2005-12-31 23:59:59.999999,0.37512557223738985,0.10974471890126311,0.0006312957847731671,0.16002592319091416,0.5902252212838656,32783,3122,16
amihud_illiq,2002Q2,2006Q1,2006-03-31 23:59:59.999999,0.35383823814327175,0.11575014855274948,0.002238229483382037,0.12696794697988278,0.5807085293066607,33502,3145,16
amihud_illiq,2002Q3,2006Q2,2006-06-30 23:59:59.999999,0.3564628380910256,0.12314477578763397,0.003798292918159474,0.115099077547263,0.5978265986347882,34099,3177,16
amihud_illiq,2002Q4,2006Q3,2006-09-30 23:59:59.999999,0.2323097884445245,0.11165042866523041,0.03747048162571831,0.013474948260672887,0.4511446286283761,34719,3258,16
amihud_illiq,2003Q1,2006Q4,2006-12-31 23:59:59.999999,0.12805794021442507,0.07394670709940711,0.0833259682294405,-0.016877605700412857,0.272993486129263,35245,3247,16
amihud_illiq,2003Q2,2007Q1,2007-03-31 23:59:59.999999,0.059775998435292105,0.032641784544829446,0.0670690431079426,-0.0042018992725736115,0.12375389614315782,35790,3257,16
amihud_illiq,2003Q3,2007Q2,2007-06-30 23:59:59.999999,0.06732694992167465,0.03438951119338501,0.05026478610944163,-7.649201735995814e-05,0.13473039186070926,36187,3307,16
amihud_illiq,2003Q4,2007Q3,2007-09-30 23:59:59.999999,0.04817789502546636,0.02927241857705742,0.09980495264594547,-0.00919604538556619,0.1055518354364989,36493,3387,16
amihud_illiq,2004Q1,2007Q4,2007-12-31 23:59:59.999999,0.02386868895692404,0.03664247078386832,0.5147966185211745,-0.047950553779457866,0.09568793169330594,36722,3400,16
amihud_illiq,2004Q2,2008Q1,2008-03-31 23:59:59.999999,-0.018155368631688873,0.0533240610946448,0.7335029876073125,-0.12267052837719268,0.08635979111381493,36659,3363,16
amihud_illiq,2004Q3,2008Q2,2008-06-30 23:59:59.999999,-0.06759698000995028,0.06103896451794533,0.2681118397967335,-0.18723335046512313,0.05203939044522256,36553,3334,16
amihud_illiq,2004Q4,2008Q3,2008-09-30 23:59:59.999999,-0.2002784803209096,0.10367588522285401,0.053395815837536276,-0.4034832153577035,0.00292625471588423,36535,3434,16
amihud_illiq,2005Q1,2008Q4,2008-12-31 23:59:59.999999,-0.46094240995550634,0.21106360504103713,0.028976408621308458,-0.8746270758359391,-0.04725774407507355,36446,3455,16
amihud_illiq,2005Q2,2009Q1,2009-03-31 23:59:59.999999,-0.6378287597586482,0.198779642328528,0.001334542662329019,-1.027436858722563,-0.24822066079473332,36211,3430,16
amihud_illiq,2005Q3,2009Q2,2009-06-30 23:59:59.999999,-0.6810927704302203,0.16763787646871461,4.858407345165183e-05,-1.0096630083089009,-0.3525225325515397,35955,3326,16
amihud_illiq,2005Q4,2009Q3,2009-09-30 23:59:59.999999,-0.7007263701636752,0.1573594417358106,8.494772079759016e-06,-1.009150875965864,-0.39230186436148645,35992,3373,16
amihud_illiq,2006Q1,2009Q4,2009-12-31 23:59:59.999999,-0.621261710280232,0.15100789065902975,3.896414909521084e-05,-0.9172371759719303,-0.3252862445885337,36077,3340,16
amihud_illiq,2006Q2,2010Q1,2010-03-31 23:59:59.999999,-0.5220178771425652,0.1488397707057734,0.00045337312557180987,-0.813743827725881,-0.23029192655924935,36176,3337,16
amihud_illiq,2006Q3,2010Q2,2010-06-30 23:59:59.999999,-0.42498706156416977,0.13598946750967641,0.001778706665914953,-0.6915264178831355,-0.15844770524520402,36240,3293,16
amihud_illiq,2006Q4,2010Q3,2010-09-30 23:59:59.999999,-0.3528684318634077,0.12327081743174002,0.004205168213468724,-0.5944792340296181,-0.11125762969719727,36230,3288,16
amihud_illiq,2007Q1,2010Q4,2010-12-31 23:59:59.999999,-0.26587856663258047,0.12486715660324417,0.033237537842053966,-0.510618193574939,-0.021138939690221903,36308,3292,16
amihud_illiq,2007Q2,2011Q1,2011-03-31 23:59:59.999999,-0.15103571221972836,0.1311305411569723,0.24941298110478183,-0.40805157288739413,0.10598014844793738,36405,3283,16
amihud_illiq,2007Q3,2011Q2,2011-06-30 23:59:59.999999,-0.029141959147153295,0.12301354766524611,0.8127355182171185,-0.27024851257103566,0.2119645942767291,36504,3288,16
amihud_illiq,2007Q4,2011Q3,2011-09-30 23:59:59.999999,0.03139260755715321,0.12050563705391538,0.7944740356912736,-0.20479844106852094,0.26758365618282737,36544,3228,16
amihud_illiq,2008Q1,2011Q4,2011-12-31 23:59:59.999999,0.07163435958765699,0.12275059019542271,0.55950922334424,-0.16895679719537152,0.3122255163706855,36587,3228,16
amihud_illiq,2008Q2,2012Q1,2012-03-31 23:59:59.999999,0.139524666106989,0.12743199416969905,0.2735704740218372,-0.11024204246562114,0.3892913746795991,36690,3200,16
amihud_illiq,2008Q3,2012Q2,2012-06-30 23:59:59.999999,0.2086630600992427,0.1188243189023072,0.0790866528609504,-0.024232604949279396,0.44155872514776484,36882,3234,16
amihud_illiq,2008Q4,2012Q3,2012-09-30 23:59:59.999999,0.22346696731251844,0.13011347761235137,0.0859011351237089,-0.03155544880769026,0.4784893834327272,36969,3184,16
amihud_illiq,2009Q1,2012Q4,2012-12-31 23:59:59.999999,0.10711118894329291,0.11388365519788128,0.34695158893484335,-0.1161007752445544,0.33032315313114025,37115,3172,16
amihud_illiq,2009Q2,2013Q1,2013-03-31 23:59:59.999999,0.032428074939319464,0.07983509892404309,0.684606863991797,-0.124048718951805,0.1889048688304439,37464,3209,16
amihud_illiq,2009Q3,2013Q2,2013-06-30 23:59:59.999999,-0.00914755117263735,0.05980139033045816,0.8784263563215413,-0.12635827622033532,0.10806317387506063,37786,3298,16
amihud_illiq,2009Q4,2013Q3,2013-09-30 23:59:59.999999,-0.02346956537454645,0.04700465389558687,0.6175691022301504,-0.11559868700989671,0.06865955626080382,37987,3321,16
amihud_illiq,2010Q1,2013Q4,2013-12-31 23:59:59.999999,-0.0107303339476789,0.04522297505392996,0.8124439491767346,-0.09936736505338163,0.07790669715802383,38241,3379,16
amihud_illiq,2010Q2,2014Q1,2014-03-31 23:59:59.999999,0.03829357423528659,0.04226785627806567,0.3649558977224143,-0.04455142406972211,0.1211385725402953,38489,3411,16
amihud_illiq,2010Q3,2014Q2,2014-06-30 23:59:59.999999,0.08407630773040083,0.04614787342498169,0.06848027539819879,-0.0063735241825632755,0.17452613964336494,38751,3447,16
amihud_illiq,2010Q4,2014Q3,2014-09-30 23:59:59.999999,0.09332161644942948,0.04074960263547128,0.02201998758492696,0.013452395283905766,0.17319083761495319,39053,3435,16
amihud_illiq,2011Q1,2014Q4,2014-12-31 23:59:59.999999,0.10765920991449819,0.03504228499608878,0.0021259970657283578,0.03897633132216419,0.1763420885068322,39348,3469,16
amihud_illiq,2011Q2,2015Q1,2015-03-31 23:59:59.999999,0.10006778909948393,0.030620453787536563,0.0010840962266347454,0.04005169967591227,0.16008387852305558,39623,3469,16
amihud_illiq,2011Q3,2015Q2,2015-06-30 23:59:59.999999,0.10606491210700361,0.03067012832297774,0.0005443218915093251,0.04595146059396724,0.16617836362004,39909,3487,16
amihud_illiq,2011Q4,2015Q3,2015-09-30 23:59:59.999999,0.09246849625845889,0.029857768778880297,0.0019565956252594052,0.03394726945185351,0.15098972306506428,40259,3517,16
amihud_illiq,2012Q1,2015Q4,2015-12-31 23:59:59.999999,0.07358832622712398,0.02900622578196058,0.0111852757842541,0.01673612369448125,0.13044052875976672,40616,3533,16
amihud_illiq,2012Q2,2016Q1,2016-03-31 23:59:59.999999,0.05903838009037611,0.028073362495275672,0.035472129087836146,0.004014589599635791,0.11406217058111642,40932,3534,16
amihud_illiq,2012Q3,2016Q2,2016-06-30 23:59:59.999999,0.04540177326322134,0.02867728690011189,0.11338514678588996,-0.010805709060997967,0.10160925558744065,41200,3568,16
amihud_illiq,2012Q4,2016Q3,2016-09-30 23:59:59.999999,0.027351574876130925,0.023519329396873536,0.2448610708047283,-0.018746310741741202,0.07344946049400305,41475,3580,16
amihud_illiq,2013Q1,2016Q4,2016-12-31 23:59:59.999999,0.003198016860175835,0.018456560673485604,0.8624380526649005,-0.032976842059855946,0.03937287578020762,41805,3605,16
amihud_illiq,2013Q2,2017Q1,2017-03-31 23:59:59.999999,-0.005812180486377411,0.015618395547873015,0.709793011618606,-0.03642423576020852,0.024799874787453696,42098,3592,16
amihud_illiq,2013Q3,2017Q2,2017-06-30 23:59:59.999999,-0.018255184524054925,0.015265529629787925,0.23176495936893438,-0.04817562259843926,0.011665253550329407,42349,3626,16
amihud_illiq,2013Q4,2017Q3,2017-09-30 23:59:59.999999,-0.014554697795675286,0.015423687106711177,0.3453498985644905,-0.04478512452482919,0.01567572893347862,42565,3612,16
amihud_illiq,2014Q1,2017Q4,2017-12-31 23:59:59.999999,-0.004822220709183381,0.01655859708113085,0.7708834081829532,-0.037277070988199844,0.027632629569833082,43175,4056,16
amihud_illiq,2014Q2,2018Q1,2018-03-31 23:59:59.999999,0.007298789854286777,0.017460723045543632,0.6759406846629337,-0.026924227314978743,0.04152180702355229,43822,4110,16
amihud_illiq,2014Q3,2018Q2,2018-06-30 23:59:59.999999,0.023046967428572696,0.017739081450219824,0.19387591345298372,-0.01172163221385816,0.05781556707100355,44488,4186,16
amihud_illiq,2014Q4,2018Q3,2018-09-30 23:59:59.999999,0.03820077938342638,0.017117226047358734,0.02563916145913736,0.004651016330603261,0.0717505424362495,45159,4214,16
amihud_illiq,2015Q1,2018Q4,2018-12-31 23:59:59.999999,0.027674816395093668,0.01993746347442026,0.16511980230288414,-0.011402612014770042,0.06675224480495738,45735,4230,16
amihud_illiq,2015Q2,2019Q1,2019-03-31 23:59:59.999999,0.02763431664331457,0.020755757197534103,0.18306305202556183,-0.013046967463852272,0.06831560075048142,46231,4241,16
amihud_illiq,2015Q3,2019Q2,2019-06-30 23:59:59.999999,0.02210027936091307,0.021129352303466725,0.29558934687472593,-0.01931325115388171,0.06351380987570784,46736,4279,16
amihud_illiq,2015Q4,2019Q3,2019-09-30 23:59:59.999999,0.010926284524898064,0.01981433379795562,0.5813395153099705,-0.02790980971909495,0.04976237876889108,47191,4291,16
amihud_illiq,2016Q1,2019Q4,2019-12-31 23:59:59.999999,0.0053508401836519165,0.019095482839722608,0.7793139180319497,-0.032076306182204396,0.04277798654950823,47664,4299,16
amihud_illiq,2016Q2,2020Q1,2020-03-31 23:59:59.999999,-0.02345030769052582,0.019470576774810348,0.22844260635046898,-0.061612638169154105,0.014712022788102463,48158,4309,16
amihud_illiq,2016Q3,2020Q2,2020-06-30 23:59:59.999999,-0.04320165799911737,0.025884646397269673,0.09512305115601682,-0.09393556493776592,0.007532248939531187,48598,4327,16
amihud_illiq,2016Q4,2020Q3,2020-09-30 23:59:59.999999,-0.059312004489449933,0.023577525795454444,0.01188592476446848,-0.10552395504854065,-0.013100053930359228,49110,4352,16
amihud_illiq,2017Q1,2020Q4,2020-12-31 23:59:59.999999,-0.05910678254988605,0.01947520929332895,0.0024069175825511824,-0.0972781927648108,-0.020935372334961302,49716,4424,16
amihud_illiq,2017Q2,2021Q1,2021-03-31 23:59:59.999999,-0.04444603514134301,0.02084862805907725,0.033024908364542416,-0.08530934613713442,-0.003582724145551594,50507,4502,16
amihud_illiq,2017Q3,2021Q2,2021-06-30 23:59:59.999999,-0.011998038178332577,0.02975372898954369,0.6867699476058777,-0.0703153469978382,0.046319270641173055,51368,4593,16
amihud_illiq,2017Q4,2021Q3,2021-09-30 23:59:59.999999,0.005068294862168125,0.027188520676902084,0.8521216596710652,-0.04822120566455996,0.058357795388896204,52283,4669,16
amihud_illiq,2018Q1,2021Q4,2021-12-31 23:59:59.999999,0.019209510329669086,0.02631765964752426,0.46544905114503154,-0.032373102579478466,0.07079212323881663,52822,4758,16
amihud_illiq,2018Q2,2022Q1,2022-03-31 23:59:59.999999,0.030234637094414686,0.02575816466806082,0.24048552884672625,-0.02025136565498452,0.08072063984381389,53235,4782,16
amihud_illiq,2018Q3,2022Q2,2022-06-30 23:59:59.999999,0.03250553682516412,0.026274225396800188,0.21603201092316526,-0.018991944952564246,0.08400301860289248,53533,4798,16
amihud_illiq,2018Q4,2022Q3,2022-09-30 23:59:59.999999,0.028988372939254985,0.0270561789259974,0.28398853967279947,-0.02404173775569992,0.08201848363420988,53684,4752,16
amihud_illiq,2019Q1,2022Q4,2022-12-31 23:59:59.999999,0.022735638313545258,0.028365601916850045,0.4228337137433884,-0.032860941443480826,0.07833221807057135,53813,4724,16
amihud_illiq,2019Q2,2023Q1,2023-03-31 23:59:59.999999,0.026107560266506243,0.028452785464763684,0.35884598440045967,-0.029659899244430576,0.08187501977744306,53999,4728,16
amihud_illiq,2019Q3,2023Q2,2023-06-30 23:59:59.999999,0.021326429472908772,0.029263548749576186,0.4661451317264065,-0.03603012607626055,0.0786829850220781,54132,4749,16
amihud_illiq,2019Q4,2023Q3,2023-09-30 23:59:59.999999,0.016023243080495013,0.0299135368468914,0.5922015530889753,-0.04260728913941213,0.07465377530040215,54289,4761,16
amihud_illiq,2020Q1,2023Q4,2023-12-31 23:59:59.999999,0.01836346200399083,0.029267468960209035,0.5303764015722481,-0.039000777158018876,0.07572770116600054,54382,4771,16
price_info,1999Q1,2002Q4,2002-12-31 23:59:59.999999,-4.901291573611687,3.2603462432542645,0.13278329275676892,-11.291570210390045,1.4889870631666717,16437,2462,16
price_info,1999Q2,2003Q1,2003-03-31 23:59:59.999999,-2.825325037016717,3.242331799511233,0.38355694713220556,-9.180295364058733,3.5296452900252993,17543,2519,16
price_info,1999Q3,2003Q2,2003-06-30 23:59:59.999999,-3.034571788172828,3.0693057298520245,0.3228328191365395,-9.050411018682796,2.98126744233714,18809,2604,16
price_info,1999Q4,2003Q3,2003-09-30 23:59:59.999999,-3.1202429393300495,3.0853616630225953,0.3118843306807999,-9.167551798854337,2.927065920194237,20126,2696,16
price_info,2000Q1,2003Q4,2003-12-31 23:59:59.999999,-3.782826634995136,3.318817124064819,0.2543794473218197,-10.28770819816218,2.7220549281719086,21298,2702,16
price_info,2000Q2,2004Q1,2004-03-31 23:59:59.999999,-4.533519555160456,2.621388778482186,0.08374693615571283,-9.67144156098554,0.6044024506646277,22743,2858,16
price_info,2000Q3,2004Q2,2004-06-30 23:59:59.999999,-5.912628462570194,2.124011910912277,0.005378898864440762,-10.075691807958258,-1.7495651171821311,24133,2900,16
price_info,2000Q4,2004Q3,2004-09-30 23:59:59.999999,-8.616944725737701,2.2498669854834783,0.00012849235256440217,-13.02668401728532,-4.207205434190084,26074,2952,16
price_info,2001Q1,2004Q4,2004-12-31 23:59:59.999999,-9.372177947452277,1.876212529187428,5.915555356672542e-07,-13.049554504659636,-5.694801390244918,27695,2964,16
price_info,2001Q2,2005Q1,2005-03-31 23:59:59.999999,-9.768944154735976,1.6919053346213788,7.831073789432708e-09,-13.085078610593879,-6.452809698878074,29387,2967,16
price_info,2001Q3,2005Q2,2005-06-30 23:59:59.999999,-9.994857924369567,1.6029116782786976,4.569806755228001e-10,-13.136564813795815,-6.85315103494332,30936,3081,16
price_info,2001Q4,2005Q3,2005-09-30 23:59:59.999999,-10.422423695476118,1.682599598062339,5.936020563979127e-10,-13.720318907678301,-7.1245284832739335,31874,3099,16
price_info,2002Q1,2005Q4,2005-12-31 23:59:59.999999,-10.82358292521734,1.5814911967915883,7.856382211457458e-12,-13.923305670928853,-7.7238601795058255,32709,3119,16
price_info,2002Q2,2006Q1,2006-03-31 23:59:59.999999,-9.96211590082987,1.5881979264784836,3.5987945956605927e-10,-13.074983836727698,-6.849247964932042,33469,3144,16
price_info,2002Q3,2006Q2,2006-06-30 23:59:59.999999,-9.751703370418639,1.6109966353722598,1.4362118161415083e-09,-12.909256775748268,-6.594149965089009,34066,3173,16
price_info,2002Q4,2006Q3,2006-09-30 23:59:59.999999,-10.30107815857456,1.694591310196607,1.224800039167917e-09,-13.62247712655991,-6.979679190589211,34687,3257,16
price_info,2003Q1,2006Q4,2006-12-31 23:59:59.999999,-11.528197482560213,1.8186847254464906,2.3471691257270777e-10,-15.092819544435335,-7.963575420685091,35213,3246,16
price_info,2003Q2,2007Q1,2007-03-31 23:59:59.999999,-12.66825748944386,1.5579781827712775,4.440892098500626e-16,-15.721894727675565,-9.614620251212155,35755,3256,16
price_info,2003Q3,2007Q2,2007-06-30 23:59:59.999999,-12.546721880389928,1.4782712598451913,0.0,-15.444133549686503,-9.649310211093352,36152,3305,16
price_info,2003Q4,2007Q3,2007-09-30 23:59:59.999999,-13.305674936555176,1.411445609729726,0.0,-16.07210833162544,-10.539241541484913,36460,3386,16
price_info,2004Q1,2007Q4,2007-12-31 23:59:59.999999,-14.129996757982322,1.3486555964656348,0.0,-16.77336172705497,-11.486631788909678,36690,3400,16
price_info,2004Q2,2008Q1,2008-03-31 23:59:59.999999,-13.503189675606652,1.1974934006487845,0.0,-15.85027674087827,-11.156102610335035,36625,3362,16
price_info,2004Q3,2008Q2,2008-06-30 23:59:59.999999,-12.461273528022012,1.770718708053775,1.9964030428809565e-12,-15.931882195807411,-8.990664860236613,36517,3332,16
price_info,2004Q4,2008Q3,2008-09-30 23:59:59.999999,-11.926593449189786,1.7578852484616279,1.1834755397899244e-11,-15.372048536174576,-8.481138362204996,36496,3429,16
price_info,2005Q1,2008Q4,2008-12-31 23:59:59.999999,-9.897903007982233,1.7504691021727612,1.576580754836243e-08,-13.328822448240846,-6.466983567723621,36406,3452,16
price_info,2005Q2,2009Q1,2009-03-31 23:59:59.999999,-8.657593930192897,1.7547902187873887,8.108531175388123e-07,-12.096982759016178,-5.218205101369616,36171,3427,16
price_info,2005Q3,2009Q2,2009-06-30 23:59:59.999999,-7.756683692220789,1.7017079348926323,5.178723820886688e-06,-11.092031244610348,-4.421336139831229,35919,3323,16
price_info,2005Q4,2009Q3,2009-09-30 23:59:59.999999,-7.231078067688225,1.4877526490136939,1.1769144889761662e-06,-10.147073259755064,-4.3150828756213855,35957,3371,16
price_info,2006Q1,2009Q4,2009-12-31 23:59:59.999999,-6.80450593581764,1.5040413397672596,6.08524925738152e-06,-9.752426961761469,-3.856584909873811,36039,3339,16
price_info,2006Q2,2010Q1,2010-03-31 23:59:59.999999,-4.845294287505002,1.6450744000295687,0.0032283240434005656,-8.069640111562958,-1.6209484634470472,36135,3336,16
price_info,2006Q3,2010Q2,2010-06-30 23:59:59.999999,-4.517780095921524,1.5555360742010795,0.0036829249034917577,-7.56663080135564,-1.4689293904874083,36198,3291,16
price_info,2006Q4,2010Q3,2010-09-30 23:59:59.999999,-5.535906277138209,1.455384090104548,0.0001427840598717811,-8.388459093743123,-2.683353460533295,36180,3285,16
price_info,2007Q1,2010Q4,2010-12-31 23:59:59.999999,-5.928750070749492,1.2092439574893585,9.490161423375554e-07,-8.298868227428635,-3.558631914070349,36260,3289,16
price_info,2007Q2,2011Q1,2011-03-31 23:59:59.999999,-5.567900827411498,1.2789103662332182,1.3430435144012876e-05,-8.074565145228606,-3.0612365095943908,36359,3281,16
price_info,2007Q3,2011Q2,2011-06-30 23:59:59.999999,-6.224733210436453,1.3478384806252062,3.8833333149135285e-06,-8.866496632461857,-3.5829697884110487,36456,3284,16
price_info,2007Q4,2011Q3,2011-09-30 23:59:59.999999,-6.611128282276338,1.3713928422729211,1.4365769711588428e-06,-9.299058253131264,-3.923198311421413,36495,3223,16
price_info,2008Q1,2011Q4,2011-12-31 23:59:59.999999,-7.447784310179691,1.188157667148539,3.693676475791108e-10,-9.776573337790827,-5.118995282568555,36536,3219,16
price_info,2008Q2,2012Q1,2012-03-31 23:59:59.999999,-6.374314384784979,1.485364610427382,1.7803786164005686e-05,-9.285629021222647,-3.4629997483473103,36641,3196,16
price_info,2008Q3,2012Q2,2012-06-30 23:59:59.999999,-6.100286116124056,1.4209702371425954,1.7673451432553833e-05,-8.885387780923542,-3.3151844513245687,36834,3228,16
price_info,2008Q4,2012Q3,2012-09-30 23:59:59.999999,-6.414414046355777,1.5022628720563,1.961522453441944e-05,-9.358849275586124,-3.469978817125429,36926,3176,16
price_info,2009Q1,2012Q4,2012-12-31 23:59:59.999999,-7.793173557367166,1.1901554983443732,5.913336487139986e-11,-10.125878334122138,-5.460468780612194,37078,3168,16
price_info,2009Q2,2013Q1,2013-03-31 23:59:59.999999,-7.449061430988686,1.0802508211471575,5.453859586168619e-12,-9.566353040437114,-5.331769821540258,37428,3207,16
price_info,2009Q3,2013Q2,2013-06-30 23:59:59.999999,-6.813834535952632,0.9554004898406926,1.0094147739891923e-12,-8.68641949604039,-4.941249575864875,37747,3293,16
price_info,2009Q4,2013Q3,2013-09-30 23:59:59.999999,-6.8573670066310735,0.9259690949108556,1.3344880755994382e-13,-8.67226643265635,-5.042467580605797,37946,3313,16
price_info,2010Q1,2013Q4,2013-12-31 23:59:59.999999,-6.992987188961668,0.8772294909221907,1.5543122344752192e-15,-8.712356991169163,-5.273617386754174,38204,3372,16
price_info,2010Q2,2014Q1,2014-03-31 23:59:59.999999,-7.4833573609893485,0.6753404612639894,0.0,-8.807024665066768,-6.159690056911929,38455,3405,16
price_info,2010Q3,2014Q2,2014-06-30 23:59:59.999999,-6.886710465019122,0.9350985666012818,1.8141044222375058e-13,-8.719503655557634,-5.053917274480609,38714,3429,16
price_info,2010Q4,2014Q3,2014-09-30 23:59:59.999999,-6.448476028732322,0.8971560846436477,6.719069745031447e-13,-8.20690195463387,-4.690050102830773,39025,3431,16
price_info,2011Q1,2014Q4,2014-12-31 23:59:59.999999,-6.208927185404569,1.0299532604238906,1.6724945872681474e-09,-8.227635575835395,-4.1902187949737435,39316,3462,16
price_info,2011Q2,2015Q1,2015-03-31 23:59:59.999999,-4.580111089862541,1.0797069905965953,2.220934794161522e-05,-6.696336791431868,-2.4638853882932144,39592,3466,16
price_info,2011Q3,2015Q2,2015-06-30 23:59:59.999999,-4.7705431285139275,1.1343860265035772,2.6124764728630012e-05,-6.993939740460939,-2.547146516566916,39876,3482,16
price_info,2011Q4,2015Q3,2015-09-30 23:59:59.999999,-5.576644362498684,1.384557344664248,5.6427546751391944e-05,-8.29037675804061,-2.862911966956758,40226,3514,16
price_info,2012Q1,2015Q4,2015-12-31 23:59:59.999999,-5.438530248978286,1.2572750047778225,1.524809934294602e-05,-7.902789258342818,-2.974271239613754,40584,3529,16
price_info,2012Q2,2016Q1,2016-03-31 23:59:59.999999,-5.113181929747872,1.0608677624009573,1.4425832441933295e-06,-7.1924827440537475,-3.0338811154419956,40899,3532,16
price_info,2012Q3,2016Q2,2016-06-30 23:59:59.999999,-5.222362317765773,0.9638248159033139,6.051279743957139e-08,-7.111458956936269,-3.3332656785952777,41167,3565,16
price_info,2012Q4,2016Q3,2016-09-30 23:59:59.999999,-4.104649302701003,0.8962460814699625,4.668483733816231e-06,-5.861291622382129,-2.348006983019877,41441,3577,16
price_info,2013Q1,2016Q4,2016-12-31 23:59:59.999999,-4.207863999504415,0.9258033747142544,5.507892521183777e-06,-6.022438613944353,-2.3932893850644765,41771,3602,16
price_info,2013Q2,2017Q1,2017-03-31 23:59:59.999999,-4.087003248297323,0.8513770883143739,1.5889414841652183e-06,-5.755702341393496,-2.4183041552011506,42065,3590,16
price_info,2013Q3,2017Q2,2017-06-30 23:59:59.999999,-4.011819350214497,0.7966639057865446,4.780577518292972e-07,-5.573280605556125,-2.45035809487287,42315,3620,16
price_info,2013Q4,2017Q3,2017-09-30 23:59:59.999999,-3.7860999518238163,0.7414536000402798,3.300383579762922e-07,-5.2393490079027645,-2.332850895744868,42534,3611,16
price_info,2014Q1,2017Q4,2017-12-31 23:59:59.999999,-3.6513281345052584,0.6809423239257286,8.269425899598559e-08,-4.985975089399687,-2.31668117961083,43136,4047,16
price_info,2014Q2,2018Q1,2018-03-31 23:59:59.999999,-3.34998760447342,0.6194317995839224,6.404220354028212e-08,-4.564073931657908,-2.135901277288932,43778,4103,16
price_info,2014Q3,2018Q2,2018-06-30 23:59:59.999999,-3.200308677095302,0.5817983370926109,3.805447246207905e-08,-4.34063341779682,-2.0599839363937846,44437,4173,16
price_info,2014Q4,2018Q3,2018-09-30 23:59:59.999999,-3.1418771607843547,0.5231355477167157,1.9192736289141976e-09,-4.1672228343091176,-2.116531487259592,45102,4205,16
price_info,2015Q1,2018Q4,2018-12-31 23:59:59.999999,-3.1165650574272346,0.5083963347044979,8.856566591219917e-10,-4.113021873448051,-2.1201082414064185,45676,4222,16
price_info,2015Q2,2019Q1,2019-03-31 23:59:59.999999,-3.1728639618715517,0.5553664293643105,1.1168610036804694e-08,-4.2613821634256,-2.084345760317503,46166,4231,16
price_info,2015Q3,2019Q2,2019-06-30 23:59:59.999999,-3.3369216558004546,0.5573786932930717,2.1571031627587445e-09,-4.429383894654875,-2.244459416946034,46664,4263,16
price_info,2015Q4,2019Q3,2019-09-30 23:59:59.999999,-3.423547797675403,0.5734824557523565,2.394811904338212e-09,-4.547573410950022,-2.2995221844007845,47115,4280,16
price_info,2016Q1,2019Q4,2019-12-31 23:59:59.999999,-3.3843911541543,0.5843553340516916,7.017252334762247e-09,-4.529727608895616,-2.2390546994129843,47588,4292,16
price_info,2016Q2,2020Q1,2020-03-31 23:59:59.999999,-2.8437431023730615,0.5161567037237083,3.6196507346986095e-08,-3.85541024167153,-1.8320759630745933,48083,4303,16
price_info,2016Q3,2020Q2,2020-06-30 23:59:59.999999,-2.930628242293117,0.5424762007169145,6.612489045210168e-08,-3.9938815956982694,-1.8673748888879647,48516,4316,16
price_info,2016Q4,2020Q3,2020-09-30 23:59:59.999999,-3.8826987879190495,0.6525753336967424,2.704498847094783e-09,-5.161746441964665,-2.6036511338734343,49016,4339,16
price_info,2017Q1,2020Q4,2020-12-31 23:59:59.999999,-4.004319932016945,0.6041173844775197,3.431965822642269e-11,-5.1883900055928835,-2.8202498584410067,49605,4408,16
price_info,2017Q2,2021Q1,2021-03-31 23:59:59.999999,-4.289012983386036,0.5193575924565024,2.220446049250313e-16,-5.30695386460078,-3.2710721021712916,50384,4489,16
price_info,2017Q3,2021Q2,2021-06-30 23:59:59.999999,-4.455232812702815,0.3994788182348907,0.0,-5.2382112964432,-3.6722543289624294,51232,4575,16
price_info,2017Q4,2021Q3,2021-09-30 23:59:59.999999,-4.601393218832341,0.4158373319290884,0.0,-5.416434389413355,-3.786352048251328,52135,4655,16
price_info,2018Q1,2021Q4,2021-12-31 23:59:59.999999,-4.984625935785654,0.4774552837511351,0.0,-5.920438291937878,-4.048813579633429,52675,4747,16
price_info,2018Q2,2022Q1,2022-03-31 23:59:59.999999,-5.242066231357846,0.5190495575292227,0.0,-6.259403364115123,-4.224729098600569,53089,4773,16
price_info,2018Q3,2022Q2,2022-06-30 23:59:59.999999,-5.3721011072092075,0.474270999685666,0.0,-6.301672266593113,-4.442529947825302,53397,4793,16
price_info,2018Q4,2022Q3,2022-09-30 23:59:59.999999,-5.469487629519833,0.4736992733576641,0.0,-6.397938205300854,-4.541037053738811,53554,4747,16
price_info,2019Q1,2022Q4,2022-12-31 23:59:59.999999,-5.749481618649045,0.44416282754103964,0.0,-6.620040760629482,-4.878922476668608,53683,4718,16
price_info,2019Q2,2023Q1,2023-03-31 23:59:59.999999,-5.514850299040671,0.541428848787379,0.0,-6.576050842663934,-4.453649755417409,53872,4725,16
price_info,2019Q3,2023Q2,2023-06-30 23:59:59.999999,-5.145543981222236,0.6381460846729016,6.661338147750939e-16,-6.396310307181123,-3.894777655263349,54010,4742,16
price_info,2019Q4,2023Q3,2023-09-30 23:59:59.999999,-4.880664259793332,0.6186411449025614,3.1086244689504383e-15,-6.0932009038023525,-3.6681276157843117,54168,4755,16
price_info,2020Q1,2023Q4,2023-12-31 23:59:59.999999,-4.70252990759394,0.5910511900150957,1.7763568394002505e-15,-5.860990240023527,-3.544069575164352,54258,4764,16
volatility,1999Q1,2002Q4,2002-12-31 23:59:59.999999,-0.3587136801534393,0.2586122551875945,0.16544081318316128,-0.8655937003211245,0.1481663400142459,17327,2476,16
volatility,1999Q2,2003Q1,2003-03-31 23:59:59.999999,-0.2733178653111864,0.22592523247784288,0.22638467203285928,-0.7161313209677584,0.16949559034538564,18420,2528,16
volatility,1999Q3,2003Q2,2003-06-30 23:59:59.999999,-0.3796466715115303,0.23667377606715756,0.10871215047535676,-0.8435272726031591,0.08423392958009851,19673,2608,16
volatility,1999Q4,2003Q3,2003-09-30 23:59:59.999999,-0.463536006356645,0.23395582253190883,0.0475729316360598,-0.9220894185191864,-0.004982594194103684,20980,2699,16
volatility,2000Q1,2003Q4,2003-12-31 23:59:59.999999,-0.53053321630583,0.226270734309191,0.019053264186427388,-0.9740238555518443,-0.0870425770598156,22141,2705,16
volatility,2000Q2,2004Q1,2004-03-31 23:59:59.999999,-0.4977203397921969,0.18183645099026594,0.006202000582705036,-0.854119783733118,-0.14132089585127566,23571,2862,16
volatility,2000Q3,2004Q2,2004-06-30 23:59:59.999999,-0.4263322416772455,0.15210550668318068,0.005069408594326141,-0.7244590347762796,-0.12820544857821137,24923,2899,16
volatility,2000Q4,2004Q3,2004-09-30 23:59:59.999999,-0.39579462600974297,0.14334167212285012,0.00576338411401478,-0.6767443033705292,-0.11484494864895672,26865,2957,16
volatility,2001Q1,2004Q4,2004-12-31 23:59:59.999999,-0.3743980192530065,0.15195979848600322,0.013754011831712765,-0.6722392242855728,-0.0765568142204402,28308,2973,16
volatility,2001Q2,2005Q1,2005-03-31 23:59:59.999999,-0.2759348386084803,0.14295099621729232,0.05358323477908078,-0.5561187911943732,0.004249113977412677,29747,2964,16
volatility,2001Q3,2005Q2,2005-06-30 23:59:59.999999,-0.1559374418323568,0.12519748321663893,0.21294681752383848,-0.40132450893696914,0.0894496252722555,30969,3077,16
volatility,2001Q4,2005Q3,2005-09-30 23:59:59.999999,-0.10767013757252293,0.11011271055585035,0.3281727983656797,-0.3234910502619896,0.10815077511694375,31909,3094,16
volatility,2002Q1,2005Q4,2005-12-31 23:59:59.999999,-0.0462061197395518,0.0937827467624909,0.6222330506350713,-0.23002030339403395,0.13760806391493036,32743,3116,16
volatility,2002Q2,2006Q1,2006-03-31 23:59:59.999999,-0.09069202631745184,0.08719423236932675,0.29829478864066994,-0.26159272176133225,0.08020866912642859,33461,3141,16
volatility,2002Q3,2006Q2,2006-06-30 23:59:59.999999,-0.11722738508958223,0.07704476421779195,0.12813236346626122,-0.26823512295645446,0.03378035277728998,34059,3171,16
volatility,2002Q4,2006Q3,2006-09-30 23:59:59.999999,-0.10864713569904244,0.07531451224075686,0.14914906601512135,-0.2562635796909259,0.03896930829284101,34684,3254,16
volatility,2003Q1,2006Q4,2006-12-31 23:59:59.999999,-0.07848768374564145,0.07212147218274878,0.2764838378301533,-0.21984576922382904,0.06287040173254614,35213,3244,16
volatility,2003Q2,2007Q1,2007-03-31 23:59:59.999999,-0.03952870875740173,0.0612261919692679,0.5185315780836339,-0.1595320450171668,0.08047462750236337,35764,3254,16
volatility,2003Q3,2007Q2,2007-06-30 23:59:59.999999,-0.032042874156722655,0.06140512271683088,0.601794045402047,-0.15239691468171118,0.08831116636826586,36162,3305,16
volatility,2003Q4,2007Q3,2007-09-30 23:59:59.999999,-0.02131375930457959,0.0611681996049116,0.7275081571401818,-0.14120343053020631,0.09857591192104714,36468,3385,16
volatility,2004Q1,2007Q4,2007-12-31 23:59:59.999999,0.0412702954205588,0.06704528688151432,0.5381901655978625,-0.09013846686720925,0.17267905770832684,36696,3398,16
volatility,2004Q2,2008Q1,2008-03-31 23:59:59.999999,0.07173241221928106,0.07260758140865999,0.3231859961426713,-0.0705784473416925,0.21404327178025462,36633,3361,16
volatility,2004Q3,2008Q2,2008-06-30 23:59:59.999999,0.0648397193845339,0.07149772825961077,0.3644778856576565,-0.0752958280043032,0.204975266773371,36519,3334,16
volatility,2004Q4,2008Q3,2008-09-30 23:59:59.999999,0.035372046733652754,0.08344523853098439,0.6716449107806939,-0.12818062078707665,0.19892471425438213,36498,3433,16
volatility,2005Q1,2008Q4,2008-12-31 23:59:59.999999,0.08139369961787087,0.12046588413002408,0.4992627566196186,-0.15471943327697635,0.31750683251271805,36399,3452,16
volatility,2005Q2,2009Q1,2009-03-31 23:59:59.999999,0.2319734930648148,0.15940618725185232,0.1456137591364861,-0.08046263394881575,0.5444096200784454,36153,3427,16
volatility,2005Q3,2009Q2,2009-06-30 23:59:59.999999,0.31280380381431416,0.1572165420084545,0.04663932330605469,0.004659381477743363,0.620948226150885,35888,3324,16
volatility,2005Q4,2009Q3,2009-09-30 23:59:59.999999,0.31543278928631197,0.1491296783980997,0.03442408927558094,0.023138619626036527,0.6077269589465875,35919,3371,16
volatility,2006Q1,2009Q4,2009-12-31 23:59:59.999999,0.26382208769363796,0.14892687876672805,0.0764890148103361,-0.028074594689149024,0.555718770076425,36003,3338,16
volatility,2006Q2,2010Q1,2010-03-31 23:59:59.999999,0.23051244986735794,0.1403518050826279,0.10051873569106662,-0.04457708809459274,0.5056019878293087,36100,3335,16
volatility,2006Q3,2010Q2,2010-06-30 23:59:59.999999,0.2399987678966319,0.13328855065098122,0.07177582262011462,-0.02124679137929128,0.5012443271725551,36163,3290,16
volatility,2006Q4,2010Q3,2010-09-30 23:59:59.999999,0.21395012783727196,0.12585633609723582,0.08914883007698182,-0.032728290913310226,0.4606285465878541,36141,3284,16
volatility,2007Q1,2010Q4,2010-12-31 23:59:59.999999,0.1667500372660927,0.11966695126232314,0.16349285050851936,-0.06779718720806066,0.40129726174024605,36220,3287,16
volatility,2007Q2,2011Q1,2011-03-31 23:59:59.999999,0.14013640893847548,0.11970449178512296,0.24173334207469588,-0.09448439496036551,0.37475721283731644,36315,3280,16
volatility,2007Q3,2011Q2,2011-06-30 23:59:59.999999,0.08461360288296114,0.12341419715539581,0.4929659435326825,-0.15727822354161464,0.32650542930753695,36408,3283,16
volatility,2007Q4,2011Q3,2011-09-30 23:59:59.999999,0.10500557004728399,0.12147467588356771,0.3873615074758079,-0.13308479468450873,0.3430959347790767,36445,3223,16
volatility,2008Q1,2011Q4,2011-12-31 23:59:59.999999,0.13963102269152097,0.11539587025538259,0.22628078046739186,-0.0865448830090289,0.36580692839207085,36488,3225,16
volatility,2008Q2,2012Q1,2012-03-31 23:59:59.999999,0.1311554137711441,0.11695728140701682,0.26212745564293805,-0.09808085778660888,0.3603916853288971,36586,3190,16
volatility,2008Q3,2012Q2,2012-06-30 23:59:59.999999,0.1801698073624025,0.10912002518659598,0.09872427651046789,-0.03370544200332562,0.3940450567281306,36783,3228,16
volatility,2008Q4,2012Q3,2012-09-30 23:59:59.999999,0.14805915881392007,0.10683859878444595,0.16581078793909754,-0.061344494803593996,0.35746281243143413,36872,3178,16
volatility,2009Q1,2012Q4,2012-12-31 23:59:59.999999,0.19156148192951575,0.10160216687333566,0.05938340867516456,-0.007578765142222138,0.39070172900125366,37026,3169,16
volatility,2009Q2,2013Q1,2013-03-31 23:59:59.999999,0.12853590680839863,0.07202866885348094,0.07434964313774928,-0.012640284144424002,0.2697120977612213,37382,3206,16
volatility,2009Q3,2013Q2,2013-06-30 23:59:59.999999,0.10216173081019152,0.06094008526077172,0.09366326407778947,-0.01728083630092106,0.2216042979213041,37714,3295,16
volatility,2009Q4,2013Q3,2013-09-30 23:59:59.999999,0.0671101501641446,0.0624364237702974,0.28244680720532234,-0.05526524042563831,0.18948554075392748,37918,3317,16
volatility,2010Q1,2013Q4,2013-12-31 23:59:59.999999,0.052874498068665746,0.0587718698005858,0.3683092772244958,-0.062318366740482425,0.16806736287781393,38173,3373,16
volatility,2010Q2,2014Q1,2014-03-31 23:59:59.999999,0.03288058684313505,0.05902324971683983,0.5774773191540299,-0.08280498260187101,0.14856615628814113,38423,3407,16
volatility,2010Q3,2014Q2,2014-06-30 23:59:59.999999,0.02187560512630128,0.058958156938843216,0.7106128689160345,-0.09368238247383143,0.137433592726434,38683,3443,16
volatility,2010Q4,2014Q3,2014-09-30 23:59:59.999999,0.014696521712658782,0.05819070624217165,0.8006113381571276,-0.09935726252199766,0.1287503059473152,38995,3433,16
volatility,2011Q1,2014Q4,2014-12-31 23:59:59.999999,-0.004505106283228373,0.05823434521502191,0.9383362633784178,-0.11864442290467131,0.10963421033821458,39290,3468,16
volatility,2011Q2,2015Q1,2015-03-31 23:59:59.999999,-0.030649248114633265,0.051167662120530144,0.5491790107204677,-0.13093786587087236,0.06963936964160582,39566,3468,16
volatility,2011Q3,2015Q2,2015-06-30 23:59:59.999999,-0.05482208984314091,0.05484314914156814,0.31750302625970583,-0.16231466216061446,0.05267048247433265,39856,3484,16
volatility,2011Q4,2015Q3,2015-09-30 23:59:59.999999,-0.04686173110519976,0.05635238243030455,0.4056492953861601,-0.15731240066859667,0.06358893845819716,40209,3515,16
volatility,2012Q1,2015Q4,2015-12-31 23:59:59.999999,-0.060487571109311446,0.04866169231260143,0.2138674708862356,-0.15586448804201025,0.034889345823387354,40568,3533,16
volatility,2012Q2,2016Q1,2016-03-31 23:59:59.999999,-0.0559276808411962,0.04595603226468846,0.22361861814997286,-0.14600150407998558,0.03414614239759317,40887,3534,16
volatility,2012Q3,2016Q2,2016-06-30 23:59:59.999999,-0.07039656877583268,0.04459658365018598,0.11445477367989887,-0.1578058727301972,0.01701273517853183,41151,3567,16
volatility,2012Q4,2016Q3,2016-09-30 23:59:59.999999,-0.05670802203539097,0.03509054644751637,0.10609218457787417,-0.12548549307252305,0.01206944900174111,41424,3578,16
volatility,2013Q1,2016Q4,2016-12-31 23:59:59.999999,-0.05277721886850865,0.034800843058160766,0.1293886244693372,-0.12098687126250374,0.015432433525486448,41754,3604,16
volatility,2013Q2,2017Q1,2017-03-31 23:59:59.999999,-0.0750899338665037,0.0334616085973088,0.024834062634196297,-0.14067468671722894,-0.00950518101577845,42039,3590,16
volatility,2013Q3,2017Q2,2017-06-30 23:59:59.999999,-0.07792128021651583,0.032643824211967445,0.01699060210919523,-0.14190317567197203,-0.013939384761059631,42286,3621,16
volatility,2013Q4,2017Q3,2017-09-30 23:59:59.999999,-0.07988192318100736,0.030857914975067745,0.009637450627778543,-0.14036343653214015,-0.019400409829874572,42498,3610,16
volatility,2014Q1,2017Q4,2017-12-31 23:59:59.999999,-0.0740783753651765,0.028953162718847025,0.010514435984922077,-0.13082657429411668,-0.017330176436236334,43109,4052,16
volatility,2014Q2,2018Q1,2018-03-31 23:59:59.999999,-0.06307645125698276,0.023614144462821177,0.0075627224337371235,-0.10936017440411228,-0.01679272810985325,43754,4107,16
volatility,2014Q3,2018Q2,2018-06-30 23:59:59.999999,-0.0609494297650003,0.021862002220986616,0.005307316036080589,-0.10379895411813406,-0.018099905411866533,44419,4178,16
volatility,2014Q4,2018Q3,2018-09-30 23:59:59.999999,-0.059758901571206655,0.022072937271725115,0.006785335691134486,-0.10302185862378788,-0.016495944518625426,45093,4208,16
volatility,2015Q1,2018Q4,2018-12-31 23:59:59.999999,-0.04337604780847596,0.026909576880947073,0.10698726963242522,-0.09611881849513222,0.0093667228781803,45665,4222,16
volatility,2015Q2,2019Q1,2019-03-31 23:59:59.999999,-0.0770508856870952,0.035289100804106556,0.02901051084093509,-0.14621752326314405,-0.00788424811104635,46155,4230,16
volatility,2015Q3,2019Q2,2019-06-30 23:59:59.999999,-0.08179140015955326,0.03485240772251544,0.01894033105311399,-0.1501021192956835,-0.013480681023423008,46657,4271,16
volatility,2015Q4,2019Q3,2019-09-30 23:59:59.999999,-0.08849254144296581,0.03609424622963376,0.014221976507551526,-0.15923726405304797,-0.01774781883288365,47110,4282,16
volatility,2016Q1,2019Q4,2019-12-31 23:59:59.999999,-0.10108194156768889,0.03784639626155866,0.007568837262410977,-0.17526087824034386,-0.026903004895033916,47573,4289,16
volatility,2016Q2,2020Q1,2020-03-31 23:59:59.999999,-0.07466915877410121,0.047789270705789394,0.1181852452741925,-0.1683361293574484,0.018997811809245993,48066,4298,16
volatility,2016Q3,2020Q2,2020-06-30 23:59:59.999999,-0.09247569667317058,0.05462983579458175,0.09050648322119415,-0.19955017483055082,0.014598781484209636,48506,4318,16
volatility,2016Q4,2020Q3,2020-09-30 23:59:59.999999,-0.16621851978952057,0.06826245446346133,0.014896014084188058,-0.3000129305379048,-0.03242410904113638,49009,4346,16
volatility,2017Q1,2020Q4,2020-12-31 23:59:59.999999,-0.18095792990067938,0.06310565521682307,0.004138691154345064,-0.3046450141256526,-0.05727084567570617,49608,4413,16
volatility,2017Q2,2021Q1,2021-03-31 23:59:59.999999,-0.20132762122522607,0.059301893983911884,0.0006869644899827332,-0.31755933343369336,-0.08509590901675879,50402,4490,16
volatility,2017Q3,2021Q2,2021-06-30 23:59:59.999999,-0.16760255231635987,0.06676116502373877,0.01206007867369241,-0.2984544357628879,-0.03675066886983189,51256,4582,16
volatility,2017Q4,2021Q3,2021-09-30 23:59:59.999999,-0.17553130895006577,0.06618186902668713,0.007998228372702476,-0.30524777224237254,-0.04581484565775901,52169,4659,16
volatility,2018Q1,2021Q4,2021-12-31 23:59:59.999999,-0.1945903813555155,0.06301557745809787,0.0020164208052138033,-0.31810091317338735,-0.0710798495376437,52699,4746,16
volatility,2018Q2,2022Q1,2022-03-31 23:59:59.999999,-0.19260289153462837,0.05972269272013463,0.0012607698240367782,-0.3096593692660923,-0.07554641380316449,53103,4770,16
volatility,2018Q3,2022Q2,2022-06-30 23:59:59.999999,-0.1769904291322783,0.058226674556391,0.0023695598072182023,-0.29111471126280464,-0.06286614700175194,53387,4787,16
volatility,2018Q4,2022Q3,2022-09-30 23:59:59.999999,-0.17810779048016367,0.05222232058723244,0.0006488016416092979,-0.2804635388311393,-0.0757520421291881,53526,4739,16
volatility,2019Q1,2022Q4,2022-12-31 23:59:59.999999,-0.15595801166049417,0.051095533926282646,0.0022722991252550617,-0.25610525815600815,-0.05581076516498018,53649,4709,16
volatility,2019Q2,2023Q1,2023-03-31 23:59:59.999999,-0.17509724038642166,0.05239352809726734,0.0008325016856003398,-0.27778855545706566,-0.07240592531577768,53835,4713,16
volatility,2019Q3,2023Q2,2023-06-30 23:59:59.999999,-0.21198479150762314,0.054035443234157654,8.754662240484379e-05,-0.31789426024657214,-0.10607532276867414,53958,4733,16
volatility,2019Q4,2023Q3,2023-09-30 23:59:59.999999,-0.22532362238029094,0.05073454774822549,8.964156111845867e-06,-0.3247633359668129,-0.12588390879376898,54109,4743,16
volatility,2020Q1,2023Q4,2023-12-31 23:59:59.999999,-0.24749878107721165,0.05555523362195924,8.40754954389844e-06,-0.3563870389762518,-0.13861052317817155,54205,4754,16
